Workbook

Sheet التعليمات
B1: طريقة تعبئة نموذج المستخدمين
B3: الخطوات
B4: الخطوة 1 | C4: افتحوا ورقة (المستخدمون) وابدؤوا من الصف 6، مستخدم واحد في كل صف.
B5: الخطوة 2 | C5: الأعمدة ذات العنوان الأحمر وعلامة * إلزامية. مرّروا الماوس على العنوان لقراءة الشرح.
B6: الخطوة 3 | C6: الجنسية والفرع والدور والحالة: اختاروا من القائمة المنسدلة. لإضافة فرع أو جنسية اكتبوها في ورقة (القوائم).
B7: الخطوة 4 | C7: المشرف المباشر: اكتبوا أو اختاروا اسم المستخدم للمشرف، ويجب أن يكون المشرف نفسه مسجلاً في الجدول.
B8: الخطوة 5 | C8: رقم التحويلة: رقم تحويلة Issabel للموظف (2 إلى 6 أرقام). لا تكرروا نفس التحويلة لموظفين. اتركوها فارغة إن لم يكن للموظف تحويلة.
B9: الخطوة 6 | C9: (يجري مكالمات من النظام؟) = نعم يعني أنه يحتاج تحويلة ويحصل على السوفت فون في المتصفح.
B10: الخطوة 7 | C10: عمود (التحقق) يتلوّن بالأخضر عند اكتمال الصف، وبالأحمر مع سبب المشكلة. أصلحوا كل الصفوف الحمراء قبل الإرسال.
B11: الخطوة 8 | C11: لا تكتبوا أي كلمة مرور في الملف. سيُرسل لكل مستخدم كلمة مرور مؤقتة يغيّرها عند أول دخول.
B12: الخطوة 9 | C12: راجعوا ورقة (الأدوار والصلاحيات) لاختيار الدور المناسب. إن احتاج شخص صلاحية خاصة اكتبوها في عمود الملاحظات.
B14: دليل الألوان
C15: عنوان أحمر: حقل إلزامي
C16: عنوان أزرق داكن: حقل اختياري
C17: خلية بيضاء: تُعبَّأ من قبلكم
C18: خلية رمادية: مثال أو حساب تلقائي، لا تُعدَّل
C19: خلية صفراء (في ورقة القوائم): قائمة يمكنكم الإضافة إليها
B21: ملخص تلقائي
B22: عدد المستخدمين المُدخلين | C22: =COUNTIF(المستخدمون!$S$6:$S$205,"✔*")+COUNTIF(المستخدمون!$S$6:$S$205,"•*")
B23: صفوف مكتملة | C23: =COUNTIF(المستخدمون!$S$6:$S$205,"✔*")
B24: صفوف فيها ملاحظات تحتاج تصحيح | C24: =COUNTIF(المستخدمون!$S$6:$S$205,"•*")
B25: عدد المشرفين | C25: =COUNTIF(المستخدمون!$J$6:$J$205,"مشرف")
B26: عدد موظفي التحصيل | C26: =COUNTIF(المستخدمون!$J$6:$J$205,"موظف تحصيل")
B27: عدد من لديهم تحويلة | C27: =COUNTA(المستخدمون!$L$6:$L$205)

Sheet المستخدمون
A1: نموذج بيانات المستخدمين والتحويلات — برنامج التحصيل الذكي
A2: عبّئوا الخلايا البيضاء من الصف 6. الأعمدة المعلّمة بـ * إلزامية. الصف 5 مثال للتوضيح (لا تعدّلوه). لا تكتبوا كلمات المرور: النظام يُنشئ كلمة مرور مؤقتة لكل مستخدم ويُطلب تغييرها عند أول دخول.
A3: تاريخ التعبئة: ________ اسم من قام بالتعبئة: ________ التوقيت: الرياض
A4: م | B4: الاسم الأول * | C4: اسم العائلة * | D4: اسم المستخدم (للدخول) * | E4: البريد الإلكتروني * | F4: رقم الجوال * | G4: رقم الهوية / الإقامة | H4: الجنسية * | I4: الفرع * | J4: الدور / الصلاحية * | K4: المشرف المباشر (اسم المستخدم) | L4: رقم التحويلة | M4: يجري مكالمات من النظام؟ * | N4: العقد / المحفظة | O4: نوع الهدف الشهري | P4: قيمة الهدف | Q4: الحالة * | R4: ملاحظات | S4: التحقق (تلقائي)
A5: مثال | B5: أحمد | C5: الحربي | D5: a.alharbi | E5: a.alharbi@example.com | F5: 0551234567 | G5: 1012345678 | H5: سعودي | I5: الرياض | J5: موظف تحصيل | K5: m.alqahtani | L5: 2101 | M5: نعم | N5: محفظة البنك 2026 | O5: مبلغ | P5: 150000 | Q5: نشط | R5: بداية العمل 1 أكتوبر
A6: =IF(COUNTA(B6:R6)=0,"",ROW()-5) | S6: =IF(COUNTA(B6:R6)=0,"",IF((IF(((B6="")+(C6="")+(D6="")+(E6="")+(F6="")+(H6="")+(I6="")+(J6="")+(M6="")+(Q6=""))>0,"• حقول إلزامية ناقصة ","")&IF(AND(D6<>"",COUNTIF($D$6:$D$205,D6)>1),"• اسم المستخدم مكرر ","")&IF(AND(D6<>"",ISNUMBER(SEARCH(" ",D6))),"• اسم المستخدم فيه مسافة ","")&IF(AND(E6<>"",OR(ISERROR(SEARCH("@",E6)),ISERROR(SEARCH(".",E6)))),"• البريد غير صحيح ","")&IF(AND(F6<>"",OR(LEN(F6)<>10,LEFT(F6,2)<>"05",ISERROR(--F6))),"• الجوال ليس بصيغة 05XXXXXXXX ","")&IF(AND(L6<>"",OR(LEN(L6)<2,LEN(L6)>6,ISERROR(--L6),ISNUMBER(SEARCH(".",L6)))),"• التحويلة يجب أن تكون 2-6 أرقام ","")&IF(AND(L6<>"",COUNTIF($L$6:$L$205,L6)>1),"• التحويلة مكررة ","")&IF(AND(M6="نعم",L6=""),"• يجري مكالمات بدون تحويلة ","")&IF(AND(K6<>"",COUNTIF($D$6:$D$205,K6)=0),"• المشرف غير موجود في الجدول ","")&IF(AND(J6="موظف تحصيل",K6=""),"• موظف التحصيل يحتاج مشرفاً ","")&IF(AND(O6<>"",P6=""),"• نوع الهدف بدون قيمة ",""))="","✔ مكتمل",IF(((B6="")+(C6="")+(D6="")+(E6="")+(F6="")+(H6="")+(I6="")+(J6="")+(M6="")+(Q6=""))>0,"• حقول إلزامية ناقصة ","")&IF(AND(D6<>"",COUNTIF($D$6:$D$205,D6)>1),"• اسم المستخدم مكرر ","")&IF(AND(D6<>"",ISNUMBER(SEARCH(" ",D6))),"• اسم المستخدم فيه مسافة ","")&IF(AND(E6<>"",OR(ISERROR(SEARCH("@",E6)),ISERROR(SEARCH(".",E6)))),"• البريد غير صحيح ","")&IF(AND(F6<>"",OR(LEN(F6)<>10,LEFT(F6,2)<>"05",ISERROR(--F6))),"• الجوال ليس بصيغة 05XXXXXXXX ","")&IF(AND(L6<>"",OR(LEN(L6)<2,LEN(L6)>6,ISERROR(--L6),ISNUMBER(SEARCH(".",L6)))),"• التحويلة يجب أن تكون 2-6 أرقام ","")&IF(AND(L6<>"",COUNTIF($L$6:$L$205,L6)>1),"• التحويلة مكررة ","")&IF(AND(M6="نعم",L6=""),"• يجري مكالمات بدون تحويلة ","")&IF(AND(K6<>"",COUNTIF($D$6:$D$205,K6)=0),"• المشرف غير موجود في الجدول ","")&IF(AND(J6="موظف تحصيل",K6=""),"• موظف التحصيل يحتاج مشرفاً ","")&IF(AND(O6<>"",P6=""),"• نوع الهدف بدون قيمة ","")))
A7: =IF(COUNTA(B7:R7)=0,"",ROW()-5) | S7: =IF(COUNTA(B7:R7)=0,"",IF((IF(((B7="")+(C7="")+(D7="")+(E7="")+(F7="")+(H7="")+(I7="")+(J7="")+(M7="")+(Q7=""))>0,"• حقول إلزامية ناقصة ","")&IF(AND(D7<>"",COUNTIF($D$6:$D$205,D7)>1),"• اسم المستخدم مكرر ","")&IF(AND(D7<>"",ISNUMBER(SEARCH(" ",D7))),"• اسم المستخدم فيه مسافة ","")&IF(AND(E7<>"",OR(ISERROR(SEARCH("@",E7)),ISERROR(SEARCH(".",E7)))),"• البريد غير صحيح ","")&IF(AND(F7<>"",OR(LEN(F7)<>10,LEFT(F7,2)<>"05",ISERROR(--F7))),"• الجوال ليس بصيغة 05XXXXXXXX ","")&IF(AND(L7<>"",OR(LEN(L7)<2,LEN(L7)>6,ISERROR(--L7),ISNUMBER(SEARCH(".",L7)))),"• التحويلة يجب أن تكون 2-6 أرقام ","")&IF(AND(L7<>"",COUNTIF($L$6:$L$205,L7)>1),"• التحويلة مكررة ","")&IF(AND(M7="نعم",L7=""),"• يجري مكالمات بدون تحويلة ","")&IF(AND(K7<>"",COUNTIF($D$6:$D$205,K7)=0),"• المشرف غير موجود في الجدول ","")&IF(AND(J7="موظف تحصيل",K7=""),"• موظف التحصيل يحتاج مشرفاً ","")&IF(AND(O7<>"",P7=""),"• نوع الهدف بدون قيمة ",""))="","✔ مكتمل",IF(((B7="")+(C7="")+(D7="")+(E7="")+(F7="")+(H7="")+(I7="")+(J7="")+(M7="")+(Q7=""))>0,"• حقول إلزامية ناقصة ","")&IF(AND(D7<>"",COUNTIF($D$6:$D$205,D7)>1),"• اسم المستخدم مكرر ","")&IF(AND(D7<>"",ISNUMBER(SEARCH(" ",D7))),"• اسم المستخدم فيه مسافة ","")&IF(AND(E7<>"",OR(ISERROR(SEARCH("@",E7)),ISERROR(SEARCH(".",E7)))),"• البريد غير صحيح ","")&IF(AND(F7<>"",OR(LEN(F7)<>10,LEFT(F7,2)<>"05",ISERROR(--F7))),"• الجوال ليس بصيغة 05XXXXXXXX ","")&IF(AND(L7<>"",OR(LEN(L7)<2,LEN(L7)>6,ISERROR(--L7),ISNUMBER(SEARCH(".",L7)))),"• التحويلة يجب أن تكون 2-6 أرقام ","")&IF(AND(L7<>"",COUNTIF($L$6:$L$205,L7)>1),"• التحويلة مكررة ","")&IF(AND(M7="نعم",L7=""),"• يجري مكالمات بدون تحويلة ","")&IF(AND(K7<>"",COUNTIF($D$6:$D$205,K7)=0),"• المشرف غير موجود في الجدول ","")&IF(AND(J7="موظف تحصيل",K7=""),"• موظف التحصيل يحتاج مشرفاً ","")&IF(AND(O7<>"",P7=""),"• نوع الهدف بدون قيمة ","")))
A8: =IF(COUNTA(B8:R8)=0,"",ROW()-5) | S8: =IF(COUNTA(B8:R8)=0,"",IF((IF(((B8="")+(C8="")+(D8="")+(E8="")+(F8="")+(H8="")+(I8="")+(J8="")+(M8="")+(Q8=""))>0,"• حقول إلزامية ناقصة ","")&IF(AND(D8<>"",COUNTIF($D$6:$D$205,D8)>1),"• اسم المستخدم مكرر ","")&IF(AND(D8<>"",ISNUMBER(SEARCH(" ",D8))),"• اسم المستخدم فيه مسافة ","")&IF(AND(E8<>"",OR(ISERROR(SEARCH("@",E8)),ISERROR(SEARCH(".",E8)))),"• البريد غير صحيح ","")&IF(AND(F8<>"",OR(LEN(F8)<>10,LEFT(F8,2)<>"05",ISERROR(--F8))),"• الجوال ليس بصيغة 05XXXXXXXX ","")&IF(AND(L8<>"",OR(LEN(L8)<2,LEN(L8)>6,ISERROR(--L8),ISNUMBER(SEARCH(".",L8)))),"• التحويلة يجب أن تكون 2-6 أرقام ","")&IF(AND(L8<>"",COUNTIF($L$6:$L$205,L8)>1),"• التحويلة مكررة ","")&IF(AND(M8="نعم",L8=""),"• يجري مكالمات بدون تحويلة ","")&IF(AND(K8<>"",COUNTIF($D$6:$D$205,K8)=0),"• المشرف غير موجود في الجدول ","")&IF(AND(J8="موظف تحصيل",K8=""),"• موظف التحصيل يحتاج مشرفاً ","")&IF(AND(O8<>"",P8=""),"• نوع الهدف بدون قيمة ",""))="","✔ مكتمل",IF(((B8="")+(C8="")+(D8="")+(E8="")+(F8="")+(H8="")+(I8="")+(J8="")+(M8="")+(Q8=""))>0,"• حقول إلزامية ناقصة ","")&IF(AND(D8<>"",COUNTIF($D$6:$D$205,D8)>1),"• اسم المستخدم مكرر ","")&IF(AND(D8<>"",ISNUMBER(SEARCH(" ",D8))),"• اسم المستخدم فيه مسافة ","")&IF(AND(E8<>"",OR(ISERROR(SEARCH("@",E8)),ISERROR(SEARCH(".",E8)))),"• البريد غير صحيح ","")&IF(AND(F8<>"",OR(LEN(F8)<>10,LEFT(F8,2)<>"05",ISERROR(--F8))),"• الجوال ليس بصيغة 05XXXXXXXX ","")&IF(AND(L8<>"",OR(LEN(L8)<2,LEN(L8)>6,ISERROR(--L8),ISNUMBER(SEARCH(".",L8)))),"• التحويلة يجب أن تكون 2-6 أرقام ","")&IF(AND(L8<>"",COUNTIF($L$6:$L$205,L8)>1),"• التحويلة مكررة ","")&IF(AND(M8="نعم",L8=""),"• يجري مكالمات بدون تحويلة ","")&IF(AND(K8<>"",COUNTIF($D$6:$D$205,K8)=0),"• المشرف غير موجود في الجدول ","")&IF(AND(J8="موظف تحصيل",K8=""),"• موظف التحصيل يحتاج مشرفاً ","")&IF(AND(O8<>"",P8=""),"• نوع الهدف بدون قيمة ","")))
A9: =IF(COUNTA(B9:R9)=0,"",ROW()-5) | S9: =IF(COUNTA(B9:R9)=0,"",IF((IF(((B9="")+(C9="")+(D9="")+(E9="")+(F9="")+(H9="")+(I9="")+(J9="")+(M9="")+(Q9=""))>0,"• حقول إلزامية ناقصة ","")&IF(AND(D9<>"",COUNTIF($D$6:$D$205,D9)>1),"• اسم المستخدم مكرر ","")&IF(AND(D9<>"",ISNUMBER(SEARCH(" ",D9))),"• اسم المستخدم فيه مسافة ","")&IF(AND(E9<>"",OR(ISERROR(SEARCH("@",E9)),ISERROR(SEARCH(".",E9)))),"• البريد غير صحيح ","")&IF(AND(F9<>"",OR(LEN(F9)<>10,LEFT(F9,2)<>"05",ISERROR(--F9))),"• الجوال ليس بصيغة 05XXXXXXXX ","")&IF(AND(L9<>"",OR(LEN(L9)<2,LEN(L9)>6,ISERROR(--L9),ISNUMBER(SEARCH(".",L9)))),"• التحويلة يجب أن تكون 2-6 أرقام ","")&IF(AND(L9<>"",COUNTIF($L$6:$L$205,L9)>1),"• التحويلة مكررة ","")&IF(AND(M9="نعم",L9=""),"• يجري مكالمات بدون تحويلة ","")&IF(AND(K9<>"",COUNTIF($D$6:$D$205,K9)=0),"• المشرف غير موجود في الجدول ","")&IF(AND(J9="موظف تحصيل",K9=""),"• موظف التحصيل يحتاج مشرفاً ","")&IF(AND(O9<>"",P9=""),"• نوع الهدف بدون قيمة ",""))="","✔ مكتمل",IF(((B9="")+(C9="")+(D9="")+(E9="")+(F9="")+(H9="")+(I9="")+(J9="")+(M9="")+(Q9=""))>0,"• حقول إلزامية ناقصة ","")&IF(AND(D9<>"",COUNTIF($D$6:$D$205,D9)>1),"• اسم المستخدم مكرر ","")&IF(AND(D9<>"",ISNUMBER(SEARCH(" ",D9))),"• اسم المستخدم فيه مسافة ","")&IF(AND(E9<>"",OR(ISERROR(SEARCH("@",E9)),ISERROR(SEARCH(".",E9)))),"• البريد غير صحيح ","")&IF(AND(F9<>"",OR(LEN(F9)<>10,LEFT(F9,2)<>"05",ISERROR(--F9))),"• الجوال ليس بصيغة 05XXXXXXXX ","")&IF(AND(L9<>"",OR(LEN(L9)<2,LEN(L9)>6,ISERROR(--L9),ISNUMBER(SEARCH(".",L9)))),"• التحويلة يجب أن تكون 2-6 أرقام ","")&IF(AND(L9<>"",COUNTIF($L$6:$L$205,L9)>1),"• التحويلة مكررة ","")&IF(AND(M9="نعم",L9=""),"• يجري مكالمات بدون تحويلة ","")&IF(AND(K9<>"",COUNTIF($D$6:$D$205,K9)=0),"• المشرف غير موجود في الجدول ","")&IF(AND(J9="موظف تحصيل",K9=""),"• موظف التحصيل يحتاج مشرفاً ","")&IF(AND(O9<>"",P9=""),"• نوع الهدف بدون قيمة ","")))
A10: =IF(COUNTA(B10:R10)=0,"",ROW()-5) | S10: =IF(COUNTA(B10:R10)=0,"",IF((IF(((B10="")+(C10="")+(D10="")+(E10="")+(F10="")+(H10="")+(I10="")+(J10="")+(M10="")+(Q10=""))>0,"• حقول إلزامية ناقصة ","")&IF(AND(D10<>"",COUNTIF($D$6:$D$205,D10)>1),"• اسم المستخدم مكرر ","")&IF(AND(D10<>"",ISNUMBER(SEARCH(" ",D10))),"• اسم المستخدم فيه مسافة ","")&IF(AND(E10<>"",OR(ISERROR(SEARCH("@",E10)),ISERROR(SEARCH(".",E10)))),"• البريد غير صحيح ","")&IF(AND(F10<>"",OR(LEN(F10)<>10,LEFT(F10,2)<>"05",ISERROR(--F10))),"• الجوال ليس بصيغة 05XXXXXXXX ","")&IF(AND(L10<>"",OR(LEN(L10)<2,LEN(L10)>6,ISERROR(--L10),ISNUMBER(SEARCH(".",L10)))),"• التحويلة يجب أن تكون 2-6 أرقام ","")&IF(AND(L10<>"",COUNTIF($L$6:$L$205,L10)>1),"• التحويلة مكررة ","")&IF(AND(M10="نعم",L10=""),"• يجري مكالمات بدون تحويلة ","")&IF(AND(K10<>"",COUNTIF($D$6:$D$205,K10)=0),"• المشرف غير موجود في الجدول ","")&IF(AND(J10="موظف تحصيل",K10=""),"• موظف التحصيل يحتاج مشرفاً ","")&IF(AND(O10<>"",P10=""),"• نوع الهدف بدون قيمة ",""))="","✔ مكتمل",IF(((B10="")+(C10="")+(D10="")+(E10="")+(F10="")+(H10="")+(I10="")+(J10="")+(M10="")+(Q10=""))>0,"• حقول إلزامية ناقصة ","")&IF(AND(D10<>"",COUNTIF($D$6:$D$205,D10)>1),"• اسم المستخدم مكرر ","")&IF(AND(D10<>"",ISNUMBER(SEARCH(" ",D10))),"• اسم المستخدم فيه مسافة ","")&IF(AND(E10<>"",OR(ISERROR(SEARCH("@",E10)),ISERROR(SEARCH(".",E10)))),"• البريد غير صحيح ","")&IF(AND(F10<>"",OR(LEN(F10)<>10,LEFT(F10,2)<>"05",ISERROR(--F10))),"• الجوال ليس بصيغة 05XXXXXXXX ","")&IF(AND(L10<>"",OR(LEN(L10)<2,LEN(L10)>6,ISERROR(--L10),ISNUMBER(SEARCH(".",L10)))),"• التحويلة يجب أن تكون 2-6 أرقام ","")&IF(AND(L10<>"",COUNTIF($L$6:$L$205,L10)>1),"• التحويلة مكررة ","")&IF(AND(M10="نعم",L10=""),"• يجري مكالمات بدون تحويلة ","")&IF(AND(K10<>"",COUNTIF($D$6:$D$205,K10)=0),"• المشرف غير موجود في الجدول ","")&IF(AND(J10="موظف تحصيل",K10=""),"• موظف التحصيل يحتاج مشرفاً ","")&IF(AND(O10<>"",P10=""),"• نوع الهدف بدون قيمة ","")))
A11: =IF(COUNTA(B11:R11)=0,"",ROW()-5) | S11: =IF(COUNTA(B11:R11)=0,"",IF((IF(((B11="")+(C11="")+(D11="")+(E11="")+(F11="")+(H11="")+(I11="")+(J11="")+(M11="")+(Q11=""))>0,"• حقول إلزامية ناقصة ","")&IF(AND(D11<>"",COUNTIF($D$6:$D$205,D11)>1),"• اسم المستخدم مكرر ","")&IF(AND(D11<>"",ISNUMBER(SEARCH(" ",D11))),"• اسم المستخدم فيه مسافة ","")&IF(AND(E11<>"",OR(ISERROR(SEARCH("@",E11)),ISERROR(SEARCH(".",E11)))),"• البريد غير صحيح ","")&IF(AND(F11<>"",OR(LEN(F11)<>10,LEFT(F11,2)<>"05",ISERROR(--F11))),"• الجوال ليس بصيغة 05XXXXXXXX ","")&IF(AND(L11<>"",OR(LEN(L11)<2,LEN(L11)>6,ISERROR(--L11),ISNUMBER(SEARCH(".",L11)))),"• التحويلة يجب أن تكون 2-6 أرقام ","")&IF(AND(L11<>"",COUNTIF($L$6:$L$205,L11)>1),"• التحويلة مكررة ","")&IF(AND(M11="نعم",L11=""),"• يجري مكالمات بدون تحويلة ","")&IF(AND(K11<>"",COUNTIF($D$6:$D$205,K11)=0),"• المشرف غير موجود في الجدول ","")&IF(AND(J11="موظف تحصيل",K11=""),"• موظف التحصيل يحتاج مشرفاً ","")&IF(AND(O11<>"",P11=""),"• نوع الهدف بدون قيمة ",""))="","✔ مكتمل",IF(((B11="")+(C11="")+(D11="")+(E11="")+(F11="")+(H11="")+(I11="")+(J11="")+(M11="")+(Q11=""))>0,"• حقول إلزامية ناقصة ","")&IF(AND(D11<>"",COUNTIF($D$6:$D$205,D11)>1),"• اسم المستخدم مكرر ","")&IF(AND(D11<>"",ISNUMBER(SEARCH(" ",D11))),"• اسم المستخدم فيه مسافة ","")&IF(AND(E11<>"",OR(ISERROR(SEARCH("@",E11)),ISERROR(SEARCH(".",E11)))),"• البريد غير صحيح ","")&IF(AND(F11<>"",OR(LEN(F11)<>10,LEFT(F11,2)<>"05",ISERROR(--F11))),"• الجوال ليس بصيغة 05XXXXXXXX ","")&IF(AND(L11<>"",OR(LEN(L11)<2,LEN(L11)>6,ISERROR(--L11),ISNUMBER(SEARCH(".",L11)))),"• التحويلة يجب أن تكون 2-6 أرقام ","")&IF(AND(L11<>"",COUNTIF($L$6:$L$205,L11)>1),"• التحويلة مكررة ","")&IF(AND(M11="نعم",L11=""),"• يجري مكالمات بدون تحويلة ","")&IF(AND(K11<>"",COUNTIF($D$6:$D$205,K11)=0),"• المشرف غير موجود في الجدول ","")&IF(AND(J11="موظف تحصيل",K11=""),"• موظف التحصيل يحتاج مشرفاً ","")&IF(AND(O11<>"",P11=""),"• نوع الهدف بدون قيمة ","")))
A12: =IF(COUNTA(B12:R12)=0,"",ROW()-5) | S12: =IF(COUNTA(B12:R12)=0,"",IF((IF(((B12="")+(C12="")+(D12="")+(E12="")+(F12="")+(H12="")+(I12="")+(J12="")+(M12="")+(Q12=""))>0,"• حقول إلزامية ناقصة ","")&IF(AND(D12<>"",COUNTIF($D$6:$D$205,D12)>1),"• اسم المستخدم مكرر ","")&IF(AND(D12<>"",ISNUMBER(SEARCH(" ",D12))),"• اسم المستخدم فيه مسافة ","")&IF(AND(E12<>"",OR(ISERROR(SEARCH("@",E12)),ISERROR(SEARCH(".",E12)))),"• البريد غير صحيح ","")&IF(AND(F12<>"",OR(LEN(F12)<>10,LEFT(F12,2)<>"05",ISERROR(--F12))),"• الجوال ليس بصيغة 05XXXXXXXX ","")&IF(AND(L12<>"",OR(LEN(L12)<2,LEN(L12)>6,ISERROR(--L12),ISNUMBER(SEARCH(".",L12)))),"• التحويلة يجب أن تكون 2-6 أرقام ","")&IF(AND(L12<>"",COUNTIF($L$6:$L$205,L12)>1),"• التحويلة مكررة ","")&IF(AND(M12="نعم",L12=""),"• يجري مكالمات بدون تحويلة ","")&IF(AND(K12<>"",COUNTIF($D$6:$D$205,K12)=0),"• المشرف غير موجود في الجدول ","")&IF(AND(J12="موظف تحصيل",K12=""),"• موظف التحصيل يحتاج مشرفاً ","")&IF(AND(O12<>"",P12=""),"• نوع الهدف بدون قيمة ",""))="","✔ مكتمل",IF(((B12="")+(C12="")+(D12="")+(E12="")+(F12="")+(H12="")+(I12="")+(J12="")+(M12="")+(Q12=""))>0,"• حقول إلزامية ناقصة ","")&IF(AND(D12<>"",COUNTIF($D$6:$D$205,D12)>1),"• اسم المستخدم مكرر ","")&IF(AND(D12<>"",ISNUMBER(SEARCH(" ",D12))),"• اسم المستخدم فيه مسافة ","")&IF(AND(E12<>"",OR(ISERROR(SEARCH("@",E12)),ISERROR(SEARCH(".",E12)))),"• البريد غير صحيح ","")&IF(AND(F12<>"",OR(LEN(F12)<>10,LEFT(F12,2)<>"05",ISERROR(--F12))),"• الجوال ليس بصيغة 05XXXXXXXX ","")&IF(AND(L12<>"",OR(LEN(L12)<2,LEN(L12)>6,ISERROR(--L12),ISNUMBER(SEARCH(".",L12)))),"• التحويلة يجب أن تكون 2-6 أرقام ","")&IF(AND(L12<>"",COUNTIF($L$6:$L$205,L12)>1),"• التحويلة مكررة ","")&IF(AND(M12="نعم",L12=""),"• يجري مكالمات بدون تحويلة ","")&IF(AND(K12<>"",COUNTIF($D$6:$D$205,K12)=0),"• المشرف غير موجود في الجدول ","")&IF(AND(J12="موظف تحصيل",K12=""),"• موظف التحصيل يحتاج مشرفاً ","")&IF(AND(O12<>"",P12=""),"• نوع الهدف بدون قيمة ","")))
A13: =IF(COUNTA(B13:R13)=0,"",ROW()-5) | S13: =IF(COUNTA(B13:R13)=0,"",IF((IF(((B13="")+(C13="")+(D13="")+(E13="")+(F13="")+(H13="")+(I13="")+(J13="")+(M13="")+(Q13=""))>0,"• حقول إلزامية ناقصة ","")&IF(AND(D13<>"",COUNTIF($D$6:$D$205,D13)>1),"• اسم المستخدم مكرر ","")&IF(AND(D13<>"",ISNUMBER(SEARCH(" ",D13))),"• اسم المستخدم فيه مسافة ","")&IF(AND(E13<>"",OR(ISERROR(SEARCH("@",E13)),ISERROR(SEARCH(".",E13)))),"• البريد غير صحيح ","")&IF(AND(F13<>"",OR(LEN(F13)<>10,LEFT(F13,2)<>"05",ISERROR(--F13))),"• الجوال ليس بصيغة 05XXXXXXXX ","")&IF(AND(L13<>"",OR(LEN(L13)<2,LEN(L13)>6,ISERROR(--L13),ISNUMBER(SEARCH(".",L13)))),"• التحويلة يجب أن تكون 2-6 أرقام ","")&IF(AND(L13<>"",COUNTIF($L$6:$L$205,L13)>1),"• التحويلة مكررة ","")&IF(AND(M13="نعم",L13=""),"• يجري مكالمات بدون تحويلة ","")&IF(AND(K13<>"",COUNTIF($D$6:$D$205,K13)=0),"• المشرف غير موجود في الجدول ","")&IF(AND(J13="موظف تحصيل",K13=""),"• موظف التحصيل يحتاج مشرفاً ","")&IF(AND(O13<>"",P13=""),"• نوع الهدف بدون قيمة ",""))="","✔ مكتمل",IF(((B13="")+(C13="")+(D13="")+(E13="")+(F13="")+(H13="")+(I13="")+(J13="")+(M13="")+(Q13=""))>0,"• حقول إلزامية ناقصة ","")&IF(AND(D13<>"",COUNTIF($D$6:$D$205,D13)>1),"• اسم المستخدم مكرر ","")&IF(AND(D13<>"",ISNUMBER(SEARCH(" ",D13))),"• اسم المستخدم فيه مسافة ","")&IF(AND(E13<>"",OR(ISERROR(SEARCH("@",E13)),ISERROR(SEARCH(".",E13)))),"• البريد غير صحيح ","")&IF(AND(F13<>"",OR(LEN(F13)<>10,LEFT(F13,2)<>"05",ISERROR(--F13))),"• الجوال ليس بصيغة 05XXXXXXXX ","")&IF(AND(L13<>"",OR(LEN(L13)<2,LEN(L13)>6,ISERROR(--L13),ISNUMBER(SEARCH(".",L13)))),"• التحويلة يجب أن تكون 2-6 أرقام ","")&IF(AND(L13<>"",COUNTIF($L$6:$L$205,L13)>1),"• التحويلة مكررة ","")&IF(AND(M13="نعم",L13=""),"• يجري مكالمات بدون تحويلة ","")&IF(AND(K13<>"",COUNTIF($D$6:$D$205,K13)=0),"• المشرف غير موجود في الجدول ","")&IF(AND(J13="موظف تحصيل",K13=""),"• موظف التحصيل يحتاج مشرفاً ","")&IF(AND(O13<>"",P13=""),"• نوع الهدف بدون قيمة ","")))
A14: =IF(COUNTA(B14:R14)=0,"",ROW()-5) | S14: =IF(COUNTA(B14:R14)=0,"",IF((IF(((B14="")+(C14="")+(D14="")+(E14="")+(F14="")+(H14="")+(I14="")+(J14="")+(M14="")+(Q14=""))>0,"• حقول إلزامية ناقصة ","")&IF(AND(D14<>"",COUNTIF($D$6:$D$205,D14)>1),"• اسم المستخدم مكرر ","")&IF(AND(D14<>"",ISNUMBER(SEARCH(" ",D14))),"• اسم المستخدم فيه مسافة ","")&IF(AND(E14<>"",OR(ISERROR(SEARCH("@",E14)),ISERROR(SEARCH(".",E14)))),"• البريد غير صحيح ","")&IF(AND(F14<>"",OR(LEN(F14)<>10,LEFT(F14,2)<>"05",ISERROR(--F14))),"• الجوال ليس بصيغة 05XXXXXXXX ","")&IF(AND(L14<>"",OR(LEN(L14)<2,LEN(L14)>6,ISERROR(--L14),ISNUMBER(SEARCH(".",L14)))),"• التحويلة يجب أن تكون 2-6 أرقام ","")&IF(AND(L14<>"",COUNTIF($L$6:$L$205,L14)>1),"• التحويلة مكررة ","")&IF(AND(M14="نعم",L14=""),"• يجري مكالمات بدون تحويلة ","")&IF(AND(K14<>"",COUNTIF($D$6:$D$205,K14)=0),"• المشرف غير موجود في الجدول ","")&IF(AND(J14="موظف تحصيل",K14=""),"• موظف التحصيل يحتاج مشرفاً ","")&IF(AND(O14<>"",P14=""),"• نوع الهدف بدون قيمة ",""))="","✔ مكتمل",IF(((B14="")+(C14="")+(D14="")+(E14="")+(F14="")+(H14="")+(I14="")+(J14="")+(M14="")+(Q14=""))>0,"• حقول إلزامية ناقصة ","")&IF(AND(D14<>"",COUNTIF($D$6:$D$205,D14)>1),"• اسم المستخدم مكرر ","")&IF(AND(D14<>"",ISNUMBER(SEARCH(" ",D14))),"• اسم المستخدم فيه مسافة ","")&IF(AND(E14<>"",OR(ISERROR(SEARCH("@",E14)),ISERROR(SEARCH(".",E14)))),"• البريد غير صحيح ","")&IF(AND(F14<>"",OR(LEN(F14)<>10,LEFT(F14,2)<>"05",ISERROR(--F14))),"• الجوال ليس بصيغة 05XXXXXXXX ","")&IF(AND(L14<>"",OR(LEN(L14)<2,LEN(L14)>6,ISERROR(--L14),ISNUMBER(SEARCH(".",L14)))),"• التحويلة يجب أن تكون 2-6 أرقام ","")&IF(AND(L14<>"",COUNTIF($L$6:$L$205,L14)>1),"• التحويلة مكررة ","")&IF(AND(M14="نعم",L14=""),"• يجري مكالمات بدون تحويلة ","")&IF(AND(K14<>"",COUNTIF($D$6:$D$205,K14)=0),"• المشرف غير موجود في الجدول ","")&IF(AND(J14="موظف تحصيل",K14=""),"• موظف التحصيل يحتاج مشرفاً ","")&IF(AND(O14<>"",P14=""),"• نوع الهدف بدون قيمة ","")))
A15: =IF(COUNTA(B15:R15)=0,"",ROW()-5) | S15: =IF(COUNTA(B15:R15)=0,"",IF((IF(((B15="")+(C15="")+(D15="")+(E15="")+(F15="")+(H15="")+(I15="")+(J15="")+(M15="")+(Q15=""))>0,"• حقول إلزامية ناقصة ","")&IF(AND(D15<>"",COUNTIF($D$6:$D$205,D15)>1),"• اسم المستخدم مكرر ","")&IF(AND(D15<>"",ISNUMBER(SEARCH(" ",D15))),"• اسم المستخدم فيه مسافة ","")&IF(AND(E15<>"",OR(ISERROR(SEARCH("@",E15)),ISERROR(SEARCH(".",E15)))),"• البريد غير صحيح ","")&IF(AND(F15<>"",OR(LEN(F15)<>10,LEFT(F15,2)<>"05",ISERROR(--F15))),"• الجوال ليس بصيغة 05XXXXXXXX ","")&IF(AND(L15<>"",OR(LEN(L15)<2,LEN(L15)>6,ISERROR(--L15),ISNUMBER(SEARCH(".",L15)))),"• التحويلة يجب أن تكون 2-6 أرقام ","")&IF(AND(L15<>"",COUNTIF($L$6:$L$205,L15)>1),"• التحويلة مكررة ","")&IF(AND(M15="نعم",L15=""),"• يجري مكالمات بدون تحويلة ","")&IF(AND(K15<>"",COUNTIF($D$6:$D$205,K15)=0),"• المشرف غير موجود في الجدول ","")&IF(AND(J15="موظف تحصيل",K15=""),"• موظف التحصيل يحتاج مشرفاً ","")&IF(AND(O15<>"",P15=""),"• نوع الهدف بدون قيمة ",""))="","✔ مكتمل",IF(((B15="")+(C15="")+(D15="")+(E15="")+(F15="")+(H15="")+(I15="")+(J15="")+(M15="")+(Q15=""))>0,"• حقول إلزامية ناقصة ","")&IF(AND(D15<>"",COUNTIF($D$6:$D$205,D15)>1),"• اسم المستخدم مكرر ","")&IF(AND(D15<>"",ISNUMBER(SEARCH(" ",D15))),"• اسم المستخدم فيه مسافة ","")&IF(AND(E15<>"",OR(ISERROR(SEARCH("@",E15)),ISERROR(SEARCH(".",E15)))),"• البريد غير صحيح ","")&IF(AND(F15<>"",OR(LEN(F15)<>10,LEFT(F15,2)<>"05",ISERROR(--F15))),"• الجوال ليس بصيغة 05XXXXXXXX ","")&IF(AND(L15<>"",OR(LEN(L15)<2,LEN(L15)>6,ISERROR(--L15),ISNUMBER(SEARCH(".",L15)))),"• التحويلة يجب أن تكون 2-6 أرقام ","")&IF(AND(L15<>"",COUNTIF($L$6:$L$205,L15)>1),"• التحويلة مكررة ","")&IF(AND(M15="نعم",L15=""),"• يجري مكالمات بدون تحويلة ","")&IF(AND(K15<>"",COUNTIF($D$6:$D$205,K15)=0),"• المشرف غير موجود في الجدول ","")&IF(AND(J15="موظف تحصيل",K15=""),"• موظف التحصيل يحتاج مشرفاً ","")&IF(AND(O15<>"",P15=""),"• نوع الهدف بدون قيمة ","")))
A16: =IF(COUNTA(B16:R16)=0,"",ROW()-5) | S16: =IF(COUNTA(B16:R16)=0,"",IF((IF(((B16="")+(C16="")+(D16="")+(E16="")+(F16="")+(H16="")+(I16="")+(J16="")+(M16="")+(Q16=""))>0,"• حقول إلزامية ناقصة ","")&IF(AND(D16<>"",COUNTIF($D$6:$D$205,D16)>1),"• اسم المستخدم مكرر ","")&IF(AND(D16<>"",ISNUMBER(SEARCH(" ",D16))),"• اسم المستخدم فيه مسافة ","")&IF(AND(E16<>"",OR(ISERROR(SEARCH("@",E16)),ISERROR(SEARCH(".",E16)))),"• البريد غير صحيح ","")&IF(AND(F16<>"",OR(LEN(F16)<>10,LEFT(F16,2)<>"05",ISERROR(--F16))),"• الجوال ليس بصيغة 05XXXXXXXX ","")&IF(AND(L16<>"",OR(LEN(L16)<2,LEN(L16)>6,ISERROR(--L16),ISNUMBER(SEARCH(".",L16)))),"• التحويلة يجب أن تكون 2-6 أرقام ","")&IF(AND(L16<>"",COUNTIF($L$6:$L$205,L16)>1),"• التحويلة مكررة ","")&IF(AND(M16="نعم",L16=""),"• يجري مكالمات بدون تحويلة ","")&IF(AND(K16<>"",COUNTIF($D$6:$D$205,K16)=0),"• المشرف غير موجود في الجدول ","")&IF(AND(J16="موظف تحصيل",K16=""),"• موظف التحصيل يحتاج مشرفاً ","")&IF(AND(O16<>"",P16=""),"• نوع الهدف بدون قيمة ",""))="","✔ مكتمل",IF(((B16="")+(C16="")+(D16="")+(E16="")+(F16="")+(H16="")+(I16="")+(J16="")+(M16="")+(Q16=""))>0,"• حقول إلزامية ناقصة ","")&IF(AND(D16<>"",COUNTIF($D$6:$D$205,D16)>1),"• اسم المستخدم مكرر ","")&IF(AND(D16<>"",ISNUMBER(SEARCH(" ",D16))),"• اسم المستخدم فيه مسافة ","")&IF(AND(E16<>"",OR(ISERROR(SEARCH("@",E16)),ISERROR(SEARCH(".",E16)))),"• البريد غير صحيح ","")&IF(AND(F16<>"",OR(LEN(F16)<>10,LEFT(F16,2)<>"05",ISERROR(--F16))),"• الجوال ليس بصيغة 05XXXXXXXX ","")&IF(AND(L16<>"",OR(LEN(L16)<2,LEN(L16)>6,ISERROR(--L16),ISNUMBER(SEARCH(".",L16)))),"• التحويلة يجب أن تكون 2-6 أرقام ","")&IF(AND(L16<>"",COUNTIF($L$6:$L$205,L16)>1),"• التحويلة مكررة ","")&IF(AND(M16="نعم",L16=""),"• يجري مكالمات بدون تحويلة ","")&IF(AND(K16<>"",COUNTIF($D$6:$D$205,K16)=0),"• المشرف غير موجود في الجدول ","")&IF(AND(J16="موظف تحصيل",K16=""),"• موظف التحصيل يحتاج مشرفاً ","")&IF(AND(O16<>"",P16=""),"• نوع الهدف بدون قيمة ","")))
A17: =IF(COUNTA(B17:R17)=0,"",ROW()-5) | S17: =IF(COUNTA(B17:R17)=0,"",IF((IF(((B17="")+(C17="")+(D17="")+(E17="")+(F17="")+(H17="")+(I17="")+(J17="")+(M17="")+(Q17=""))>0,"• حقول إلزامية ناقصة ","")&IF(AND(D17<>"",COUNTIF($D$6:$D$205,D17)>1),"• اسم المستخدم مكرر ","")&IF(AND(D17<>"",ISNUMBER(SEARCH(" ",D17))),"• اسم المستخدم فيه مسافة ","")&IF(AND(E17<>"",OR(ISERROR(SEARCH("@",E17)),ISERROR(SEARCH(".",E17)))),"• البريد غير صحيح ","")&IF(AND(F17<>"",OR(LEN(F17)<>10,LEFT(F17,2)<>"05",ISERROR(--F17))),"• الجوال ليس بصيغة 05XXXXXXXX ","")&IF(AND(L17<>"",OR(LEN(L17)<2,LEN(L17)>6,ISERROR(--L17),ISNUMBER(SEARCH(".",L17)))),"• التحويلة يجب أن تكون 2-6 أرقام ","")&IF(AND(L17<>"",COUNTIF($L$6:$L$205,L17)>1),"• التحويلة مكررة ","")&IF(AND(M17="نعم",L17=""),"• يجري مكالمات بدون تحويلة ","")&IF(AND(K17<>"",COUNTIF($D$6:$D$205,K17)=0),"• المشرف غير موجود في الجدول ","")&IF(AND(J17="موظف تحصيل",K17=""),"• موظف التحصيل يحتاج مشرفاً ","")&IF(AND(O17<>"",P17=""),"• نوع الهدف بدون قيمة ",""))="","✔ مكتمل",IF(((B17="")+(C17="")+(D17="")+(E17="")+(F17="")+(H17="")+(I17="")+(J17="")+(M17="")+(Q17=""))>0,"• حقول إلزامية ناقصة ","")&IF(AND(D17<>"",COUNTIF($D$6:$D$205,D17)>1),"• اسم المستخدم مكرر ","")&IF(AND(D17<>"",ISNUMBER(SEARCH(" ",D17))),"• اسم المستخدم فيه مسافة ","")&IF(AND(E17<>"",OR(ISERROR(SEARCH("@",E17)),ISERROR(SEARCH(".",E17)))),"• البريد غير صحيح ","")&IF(AND(F17<>"",OR(LEN(F17)<>10,LEFT(F17,2)<>"05",ISERROR(--F17))),"• الجوال ليس بصيغة 05XXXXXXXX ","")&IF(AND(L17<>"",OR(LEN(L17)<2,LEN(L17)>6,ISERROR(--L17),ISNUMBER(SEARCH(".",L17)))),"• التحويلة يجب أن تكون 2-6 أرقام ","")&IF(AND(L17<>"",COUNTIF($L$6:$L$205,L17)>1),"• التحويلة مكررة ","")&IF(AND(M17="نعم",L17=""),"• يجري مكالمات بدون تحويلة ","")&IF(AND(K17<>"",COUNTIF($D$6:$D$205,K17)=0),"• المشرف غير موجود في الجدول ","")&IF(AND(J17="موظف تحصيل",K17=""),"• موظف التحصيل يحتاج مشرفاً ","")&IF(AND(O17<>"",P17=""),"• نوع الهدف بدون قيمة ","")))
... A205: =IF(COUNTA(B205:R205)=0,"",ROW()-5) | S205: =IF(COUNTA(B205:R205)=0,"",IF((IF(((B205="")+(C205="")+(D205="")+(E205="")+(F205="")+(H205="")+(I205="")+(J205="")+(M205="")+(Q205=""))>0,"• حقول إلزامية ناقصة ","")&IF(AND(D205<>"",COUNTIF($D$6:$D$205,D205)>1),"• اسم المستخدم مكرر ","")&IF(AND(D205<>"",ISNUMBER(SEARCH(" ",D205))),"• اسم المستخدم فيه مسافة ","")&IF(AND(E205<>"",OR(ISERROR(SEARCH("@",E205)),ISERROR(SEARCH(".",E205)))),"• البريد غير صحيح ","")&IF(AND(F205<>"",OR(LEN(F205)<>10,LEFT(F205,2)<>"05",ISERROR(--F205))),"• الجوال ليس بصيغة 05XXXXXXXX ","")&IF(AND(L205<>"",OR(LEN(L205)<2,LEN(L205)>6,ISERROR(--L205),ISNUMBER(SEARCH(".",L205)))),"• التحويلة يجب أن تكون 2-6 أرقام ","")&IF(AND(L205<>"",COUNTIF($L$6:$L$205,L205)>1),"• التحويلة مكررة ","")&IF(AND(M205="نعم",L205=""),"• يجري مكالمات بدون تحويلة ","")&IF(AND(K205<>"",COUNTIF($D$6:$D$205,K205)=0),"• المشرف غير موجود في الجدول ","")&IF(AND(J205="موظف تحصيل",K205=""),"• موظف التحصيل يحتاج مشرفاً ","")&IF(AND(O205<>"",P205=""),"• نوع الهدف بدون قيمة ",""))="","✔ مكتمل",IF(((B205="")+(C205="")+(D205="")+(E205="")+(F205="")+(H205="")+(I205="")+(J205="")+(M205="")+(Q205=""))>0,"• حقول إلزامية ناقصة ","")&IF(AND(D205<>"",COUNTIF($D$6:$D$205,D205)>1),"• اسم المستخدم مكرر ","")&IF(AND(D205<>"",ISNUMBER(SEARCH(" ",D205))),"• اسم المستخدم فيه مسافة ","")&IF(AND(E205<>"",OR(ISERROR(SEARCH("@",E205)),ISERROR(SEARCH(".",E205)))),"• البريد غير صحيح ","")&IF(AND(F205<>"",OR(LEN(F205)<>10,LEFT(F205,2)<>"05",ISERROR(--F205))),"• الجوال ليس بصيغة 05XXXXXXXX ","")&IF(AND(L205<>"",OR(LEN(L205)<2,LEN(L205)>6,ISERROR(--L205),ISNUMBER(SEARCH(".",L205)))),"• التحويلة يجب أن تكون 2-6 أرقام ","")&IF(AND(L205<>"",COUNTIF($L$6:$L$205,L205)>1),"• التحويلة مكررة ","")&IF(AND(M205="نعم",L205=""),"• يجري مكالمات بدون تحويلة ","")&IF(AND(K205<>"",COUNTIF($D$6:$D$205,K205)=0),"• المشرف غير موجود في الجدول ","")&IF(AND(J205="موظف تحصيل",K205=""),"• موظف التحصيل يحتاج مشرفاً ","")&IF(AND(O205<>"",P205=""),"• نوع الهدف بدون قيمة ","")))

Sheet الأدوار والصلاحيات
A1: ماذا يستطيع كل دور؟ (اقتراح أولي — عدّلوه إن كان فريقكم يعمل بطريقة مختلفة)
A2: الصلاحية | B2: مدير النظام | C2: مشرف | D2: موظف تحصيل | E2: مراقب جودة | F2: مالية / حسابات | G2: قانوني | H2: عمليات | I2: مشاهدة وتقارير فقط
A3: لوحة المعلومات | B3: ✔ | C3: ✔ | D3: ✔ | E3: ✔ | F3: ✔ | G3: ✔ | H3: ✔ | I3: ✔
A4: عرض العملاء وتفاصيلهم وسجلهم | B4: ✔ | C4: ✔ | D4: عملاؤه | E4: ✔ | F4: ✔ | G4: ✔ | H4: ✔ | I4: ✔
A5: إضافة وتعديل العملاء | B5: ✔ | C5: ✔ | D5: — | E5: — | F5: — | G5: — | H5: ✔ | I5: —
A6: توزيع العملاء على الموظفين | B6: ✔ | C6: ✔ | D6: — | E6: — | F6: — | G6: — | H6: ✔ | I6: —
A7: الملاحظات والمتابعات | B7: ✔ | C7: ✔ | D7: ✔ | E7: — | F7: — | G7: — | H7: — | I7: —
A8: إدارة متابعات الآخرين | B8: ✔ | C8: ✔ | D8: — | E8: — | F8: — | G8: — | H8: — | I8: —
A9: وعود السداد | B9: ✔ | C9: ✔ | D9: ✔ | E9: — | F9: ✔ | G9: — | H9: — | I9: —
A10: تسجيل الدفعات | B10: ✔ | C10: ✔ | D10: ✔ | E10: — | F10: ✔ | G10: — | H10: — | I10: —
A11: اعتماد أو رفض الدفعات | B11: ✔ | C11: ✔ | D11: — | E11: — | F11: ✔ | G11: — | H11: — | I11: —
A12: عكس الدفعات المعتمدة | B12: ✔ | C12: — | D12: — | E12: — | F12: ✔ | G12: — | H12: — | I12: —
A13: خطط السداد | B13: ✔ | C13: ✔ | D13: ✔ | E13: — | F13: ✔ | G13: — | H13: — | I13: —
... A24: المستخدمون والأدوار والإعدادات | B24: ✔ | C24: — | D24: — | E24: — | F24: — | G24: — | H24: — | I24: —
A26: ✔ = مسموح — = غير مسموح نص آخر = مسموح بحدود (مثل: عملاؤه فقط).
A27: الأدوار نفسها تُنشأ في النظام من شاشة الأدوار، وكل دور يمكن تعديل صلاحياته بدقة بعد الإنشاء. إن احتجتم دوراً غير موجود أضيفوه في ورقة (القوائم).

Sheet القوائم
A1: الدور / الصلاحية | B1: وصف الدور | C1: نعم / لا | D1: نوع الهدف | E1: الحالة | F1: الجنسية | G1: الفرع
A2: مدير النظام | B2: كل الصلاحيات: المستخدمون، الأدوار، الإعدادات، إدارة الاتصال والتحويلات، الذكاء الاصطناعي | C2: نعم | D2: مبلغ | E2: نشط | F2: سعودي | G2: الرياض
A3: مشرف | B3: يتابع فريقه: توزيع العملاء، إدارة متابعات الفريق، اعتماد الدفعات، الحملات، التقارير، مراجعة الجودة | C3: لا | D3: نسبة | E3: غير نشط | F3: مصري | G3: جدة
A4: موظف تحصيل | B4: عملاؤه فقط: الملاحظات، وعود السداد، المتابعات، إجراء المكالمات، طلبات داخلية | F4: أردني | G4: الدمام
A5: مراقب جودة | B5: مراجعة المكالمات والتقييم، مختبر التدريب الصوتي، تقارير المكالمات (بدون تعديل مالي) | F5: سوداني
A6: مالية / حسابات | B6: الدفعات: اعتماد ورفض وعكس، مراجعة الطلبات المالية، تقارير التحصيل | F6: يمني
A7: قانوني | B7: مراجعة الطلبات القانونية وعرض ملف العميل وسجله | F7: باكستاني
A8: عمليات | B8: مراجعة طلبات العمليات، التحديث الجماعي من إكسل، تصحيحات بيانات العملاء | F8: هندي
A9: مشاهدة وتقارير فقط | B9: عرض لوحة المعلومات والتقارير بدون أي تعديل | F9: فلبيني
F10: أخرى
F20: الخلايا الصفراء في عمودي الجنسية والفرع قابلة للتعديل: أضيفوا الفروع والجنسيات الفعلية تحت القائمة (حتى الصف 40) وستظهر في القائمة المنسدلة.
